{
	"BUILD_DIR" : "/home/sawert/qtprojects/build-AppParsing-unknown-Debug/AppParsong_autogen",
	"CMAKE_BINARY_DIR" : "/home/sawert/qtprojects/build-AppParsing-unknown-Debug",
	"CMAKE_CURRENT_BINARY_DIR" : "/home/sawert/qtprojects/build-AppParsing-unknown-Debug",
	"CMAKE_CURRENT_SOURCE_DIR" : "/home/sawert/qtprojects/AppParsing",
	"CMAKE_EXECUTABLE" : "/usr/bin/cmake",
	"CMAKE_LIST_FILES" : 
	[
		"/home/sawert/qtprojects/AppParsing/CMakeLists.txt",
		"/usr/share/qtcreator/package-manager/auto-setup.cmake",
		"/home/sawert/qtprojects/build-AppParsing-unknown-Debug/CMakeFiles/3.22.1/CMakeSystem.cmake",
		"/usr/share/cmake-3.22/Modules/CMakeSystemSpecificInitialize.cmake",
		"/home/sawert/qtprojects/build-AppParsing-unknown-Debug/CMakeFiles/3.22.1/CMakeCXXCompiler.cmake",
		"/usr/share/cmake-3.22/Modules/CMakeSystemSpecificInformation.cmake",
		"/usr/share/cmake-3.22/Modules/CMakeGenericSystem.cmake",
		"/usr/share/cmake-3.22/Modules/CMakeInitializeConfigs.cmake",
		"/usr/share/cmake-3.22/Modules/Platform/Linux.cmake",
		"/usr/share/cmake-3.22/Modules/Platform/UnixPaths.cmake",
		"/usr/share/cmake-3.22/Modules/CMakeFindCodeBlocks.cmake",
		"/usr/share/cmake-3.22/Modules/CMakeExtraGeneratorDetermineCompilerMacrosAndIncludeDirs.cmake",
		"/usr/share/cmake-3.22/Modules/ProcessorCount.cmake",
		"/usr/share/cmake-3.22/Modules/CMakeCXXInformation.cmake",
		"/usr/share/cmake-3.22/Modules/CMakeLanguageInformation.cmake",
		"/usr/share/cmake-3.22/Modules/Compiler/GNU-CXX.cmake",
		"/usr/share/cmake-3.22/Modules/Compiler/GNU.cmake",
		"/usr/share/cmake-3.22/Modules/Compiler/CMakeCommonCompilerMacros.cmake",
		"/usr/share/cmake-3.22/Modules/Platform/Linux-GNU-CXX.cmake",
		"/usr/share/cmake-3.22/Modules/Platform/Linux-GNU.cmake",
		"/usr/share/cmake-3.22/Modules/CMakeCommonLanguageInclude.cmake",
		"/usr/lib/x86_64-linux-gnu/cmake/Qt5/Qt5ConfigVersion.cmake",
		"/usr/lib/x86_64-linux-gnu/cmake/Qt5/Qt5Config.cmake",
		"/usr/lib/x86_64-linux-gnu/cmake/Qt5/Qt5ConfigVersion.cmake",
		"/usr/lib/x86_64-linux-gnu/cmake/Qt5/Qt5Config.cmake",
		"/usr/lib/x86_64-linux-gnu/cmake/Qt5/Qt5ModuleLocation.cmake",
		"/usr/lib/x86_64-linux-gnu/cmake/Qt5Widgets/Qt5WidgetsConfigVersion.cmake",
		"/usr/lib/x86_64-linux-gnu/cmake/Qt5Widgets/Qt5WidgetsConfig.cmake",
		"/usr/lib/x86_64-linux-gnu/cmake/Qt5Gui/Qt5GuiConfigVersion.cmake",
		"/usr/lib/x86_64-linux-gnu/cmake/Qt5Gui/Qt5GuiConfig.cmake",
		"/usr/lib/x86_64-linux-gnu/cmake/Qt5Core/Qt5CoreConfigVersion.cmake",
		"/usr/lib/x86_64-linux-gnu/cmake/Qt5Core/Qt5CoreConfig.cmake",
		"/usr/lib/x86_64-linux-gnu/cmake/Qt5Core/Qt5CoreConfigExtras.cmake",
		"/usr/lib/x86_64-linux-gnu/cmake/Qt5Core/Qt5CoreConfigExtrasMkspecDir.cmake",
		"/usr/lib/x86_64-linux-gnu/cmake/Qt5Core/Qt5CoreMacros.cmake",
		"/usr/share/cmake-3.22/Modules/CMakeParseArguments.cmake",
		"/usr/lib/x86_64-linux-gnu/cmake/Qt5Gui/Qt5Gui_QComposePlatformInputContextPlugin.cmake",
		"/usr/lib/x86_64-linux-gnu/cmake/Qt5Gui/Qt5Gui_QEglFSEmulatorIntegrationPlugin.cmake",
		"/usr/lib/x86_64-linux-gnu/cmake/Qt5Gui/Qt5Gui_QEglFSIntegrationPlugin.cmake",
		"/usr/lib/x86_64-linux-gnu/cmake/Qt5Gui/Qt5Gui_QEglFSKmsEglDeviceIntegrationPlugin.cmake",
		"/usr/lib/x86_64-linux-gnu/cmake/Qt5Gui/Qt5Gui_QEglFSKmsGbmIntegrationPlugin.cmake",
		"/usr/lib/x86_64-linux-gnu/cmake/Qt5Gui/Qt5Gui_QEglFSX11IntegrationPlugin.cmake",
		"/usr/lib/x86_64-linux-gnu/cmake/Qt5Gui/Qt5Gui_QEvdevKeyboardPlugin.cmake",
		"/usr/lib/x86_64-linux-gnu/cmake/Qt5Gui/Qt5Gui_QEvdevMousePlugin.cmake",
		"/usr/lib/x86_64-linux-gnu/cmake/Qt5Gui/Qt5Gui_QEvdevTabletPlugin.cmake",
		"/usr/lib/x86_64-linux-gnu/cmake/Qt5Gui/Qt5Gui_QEvdevTouchScreenPlugin.cmake",
		"/usr/lib/x86_64-linux-gnu/cmake/Qt5Gui/Qt5Gui_QGifPlugin.cmake",
		"/usr/lib/x86_64-linux-gnu/cmake/Qt5Gui/Qt5Gui_QICOPlugin.cmake",
		"/usr/lib/x86_64-linux-gnu/cmake/Qt5Gui/Qt5Gui_QIbusPlatformInputContextPlugin.cmake",
		"/usr/lib/x86_64-linux-gnu/cmake/Qt5Gui/Qt5Gui_QJpegPlugin.cmake",
		"/usr/lib/x86_64-linux-gnu/cmake/Qt5Gui/Qt5Gui_QLibInputPlugin.cmake",
		"/usr/lib/x86_64-linux-gnu/cmake/Qt5Gui/Qt5Gui_QLinuxFbIntegrationPlugin.cmake",
		"/usr/lib/x86_64-linux-gnu/cmake/Qt5Gui/Qt5Gui_QMinimalEglIntegrationPlugin.cmake",
		"/usr/lib/x86_64-linux-gnu/cmake/Qt5Gui/Qt5Gui_QMinimalIntegrationPlugin.cmake",
		"/usr/lib/x86_64-linux-gnu/cmake/Qt5Gui/Qt5Gui_QOffscreenIntegrationPlugin.cmake",
		"/usr/lib/x86_64-linux-gnu/cmake/Qt5Gui/Qt5Gui_QTuioTouchPlugin.cmake",
		"/usr/lib/x86_64-linux-gnu/cmake/Qt5Gui/Qt5Gui_QVncIntegrationPlugin.cmake",
		"/usr/lib/x86_64-linux-gnu/cmake/Qt5Gui/Qt5Gui_QXcbEglIntegrationPlugin.cmake",
		"/usr/lib/x86_64-linux-gnu/cmake/Qt5Gui/Qt5Gui_QXcbGlxIntegrationPlugin.cmake",
		"/usr/lib/x86_64-linux-gnu/cmake/Qt5Gui/Qt5Gui_QXcbIntegrationPlugin.cmake",
		"/usr/lib/x86_64-linux-gnu/cmake/Qt5Gui/Qt5GuiConfigExtras.cmake",
		"/usr/lib/x86_64-linux-gnu/cmake/Qt5Widgets/Qt5WidgetsConfigExtras.cmake",
		"/usr/lib/x86_64-linux-gnu/cmake/Qt5Widgets/Qt5WidgetsMacros.cmake",
		"/usr/share/cmake-3.22/Modules/CMakeParseArguments.cmake",
		"/usr/lib/x86_64-linux-gnu/cmake/Qt5Core/Qt5CoreConfigVersion.cmake",
		"/usr/lib/x86_64-linux-gnu/cmake/Qt5Core/Qt5CoreConfig.cmake",
		"/usr/share/cmake-3.22/Modules/FindBoost.cmake",
		"/usr/share/cmake-3.22/Modules/FindPackageHandleStandardArgs.cmake",
		"/usr/share/cmake-3.22/Modules/FindPackageMessage.cmake",
		"/usr/lib/x86_64-linux-gnu/cmake/Boost-1.74.0/BoostConfigVersion.cmake",
		"/usr/lib/x86_64-linux-gnu/cmake/Boost-1.74.0/BoostConfig.cmake",
		"/usr/lib/x86_64-linux-gnu/cmake/boost_headers-1.74.0/boost_headers-config-version.cmake",
		"/usr/lib/x86_64-linux-gnu/cmake/boost_headers-1.74.0/boost_headers-config.cmake",
		"/usr/lib/x86_64-linux-gnu/cmake/boost_program_options-1.74.0/boost_program_options-config-version.cmake",
		"/usr/lib/x86_64-linux-gnu/cmake/boost_program_options-1.74.0/boost_program_options-config.cmake",
		"/usr/lib/x86_64-linux-gnu/cmake/BoostDetectToolset-1.74.0.cmake",
		"/usr/lib/x86_64-linux-gnu/cmake/boost_program_options-1.74.0/libboost_program_options-variant-shared.cmake",
		"/usr/lib/x86_64-linux-gnu/cmake/boost_program_options-1.74.0/libboost_program_options-variant-static.cmake",
		"/usr/lib/x86_64-linux-gnu/cmake/boost_headers-1.74.0/boost_headers-config-version.cmake",
		"/usr/lib/x86_64-linux-gnu/cmake/boost_headers-1.74.0/boost_headers-config.cmake"
	],
	"CMAKE_SOURCE_DIR" : "/home/sawert/qtprojects/AppParsing",
	"DEP_FILE" : "",
	"DEP_FILE_RULE_NAME" : "",
	"HEADERS" : 
	[
		[
			"/home/sawert/qtprojects/AppParsing/database.h",
			"MU",
			"EWIEGA46WW/moc_database.cpp",
			null
		],
		[
			"/home/sawert/qtprojects/AppParsing/mainwindow.h",
			"MU",
			"EWIEGA46WW/moc_mainwindow.cpp",
			null
		]
	],
	"HEADER_EXTENSIONS" : [ "h", "hh", "h++", "hm", "hpp", "hxx", "in", "txx" ],
	"INCLUDE_DIR" : "/home/sawert/qtprojects/build-AppParsing-unknown-Debug/AppParsong_autogen/include",
	"MOC_COMPILATION_FILE" : "/home/sawert/qtprojects/build-AppParsing-unknown-Debug/AppParsong_autogen/mocs_compilation.cpp",
	"MOC_DEFINITIONS" : [],
	"MOC_DEPEND_FILTERS" : 
	[
		[
			"Q_PLUGIN_METADATA",
			"[\n][ \t]*Q_PLUGIN_METADATA[ \t]*\\([^\\)]*FILE[ \t]*\"([^\"]+)\""
		]
	],
	"MOC_INCLUDES" : 
	[
		"/home/sawert/qtprojects/build-AppParsing-unknown-Debug",
		"/home/sawert/qtprojects/AppParsing",
		"/usr/include/c++/11",
		"/usr/include/x86_64-linux-gnu/c++/11",
		"/usr/include/c++/11/backward",
		"/usr/lib/gcc/x86_64-linux-gnu/11/include",
		"/usr/local/include",
		"/usr/include/x86_64-linux-gnu",
		"/usr/include"
	],
	"MOC_MACRO_NAMES" : [ "Q_OBJECT", "Q_GADGET", "Q_NAMESPACE", "Q_NAMESPACE_EXPORT" ],
	"MOC_OPTIONS" : [],
	"MOC_PATH_PREFIX" : false,
	"MOC_PREDEFS_CMD" : 
	[
		"/usr/bin/g++",
		"-dM",
		"-E",
		"-c",
		"/usr/share/cmake-3.22/Modules/CMakeCXXCompilerABI.cpp"
	],
	"MOC_PREDEFS_FILE" : "/home/sawert/qtprojects/build-AppParsing-unknown-Debug/AppParsong_autogen/moc_predefs.h",
	"MOC_RELAXED_MODE" : false,
	"MOC_SKIP" : [],
	"MULTI_CONFIG" : false,
	"PARALLEL" : 2,
	"PARSE_CACHE_FILE" : "/home/sawert/qtprojects/build-AppParsing-unknown-Debug/CMakeFiles/AppParsong_autogen.dir/ParseCache.txt",
	"QT_MOC_EXECUTABLE" : "/usr/lib/qt5/bin/moc",
	"QT_UIC_EXECUTABLE" : "/usr/lib/qt5/bin/uic",
	"QT_VERSION_MAJOR" : 5,
	"QT_VERSION_MINOR" : 15,
	"SETTINGS_FILE" : "/home/sawert/qtprojects/build-AppParsing-unknown-Debug/CMakeFiles/AppParsong_autogen.dir/AutogenUsed.txt",
	"SOURCES" : 
	[
		[ "/home/sawert/qtprojects/AppParsing/database.cpp", "MU", null ],
		[ "/home/sawert/qtprojects/AppParsing/main.cpp", "MU", null ],
		[ "/home/sawert/qtprojects/AppParsing/mainwindow.cpp", "MU", null ]
	],
	"UIC_OPTIONS" : [],
	"UIC_SEARCH_PATHS" : [],
	"UIC_SKIP" : [],
	"UIC_UI_FILES" : [],
	"VERBOSITY" : 0
}
